{"SeedName":"testEmpty","AvailablePools":{"Treasures":true,"Events":true,"Starting Stats":true,"Lucky Emblems":true,"Bonuses":true,"Fullcourse Abilities":true,"Level Ups":true,"Weapon Upgrades":true,"Equippables":true,"Bosses":false,"Enemies":false,"Room Transitions":false,"General Stats":false},"AvailableExtras":{"Balanced Bonuses":true},"AvailableOptions":{"Treasures":{"Olympus":true,"Twilight Town":true,"Kingdom of Corona":true,"Toy Box":true,"Arendelle":true,"Monstropolis":true,"The Caribbean":true,"San Fransokyo":true,"Keyblade Graveyard":true,"The Final World":true,"Scala Ad Caelum":true},"Events":{"Events":true,"Keyblades":true,"Heartbinders":true,"Reports":true,"Classic Kingdom":true,"Key Items":true,"Data Battles":true,"Yozora":true},"Starting Stats":{"Weapons":true,"Abilities":true,"Critical Abilities":true},"Lucky Emblems":{"Lucky Emblems":true},"Bonuses":{"VBonus":true,"Flantastic Seven":true,"Minigames":true},"Fullcourse Abilities":{"Abilities":true},"Level Ups":{"Levels":true},"Weapon Upgrades":{"Kingdom Key":true,"Hero\u0027s Origin":true,"Shooting Star":true,"Favorite Deputy":true,"Ever After":true,"Happy Gear":true,"Crystal Snow":true,"Hunny Spout":true,"Wheel of Fate":true,"Nano Gear":true,"Starlight":true,"Grand Chef":true,"Classic Tone":true,"Ultima Weapon":true,"Elemental Encoder":true,"Oblivion":true,"Oathkeeper":true},"Equippables":{"Weapons":true,"Accessories":true,"Armor":true}},"Modifications":[]}
